-- @operation: export
-- @entity: batch
-- @name: Rebuilt 1080p Bluray Tier 05/06
-- @exportedAt: 2026-03-06T18:26:46.351Z
-- @opIds: 2639, 2640, 2641, 2642, 2643, 2644, 2645, 2646, 2647, 2648, 2649, 2650, 2651, 2652, 2653, 2654, 2655, 2656, 2657, 2658, 2659, 2660, 2661, 2662, 2663, 2664, 2665, 2666, 2667, 2668, 2669, 2670, 2671, 2672, 2673, 2674, 2675, 2676, 2677, 2678, 2679, 2680, 2681, 2682, 2683, 2684, 2685, 2686, 2687, 2688, 2689, 2690, 2691, 2692, 2693, 2694, 2695, 2696, 2697, 2698, 2699, 2700, 2701, 2702, 2703, 2704, 2705, 2706, 2707, 2708, 2709, 2710, 2711, 2712, 2713, 2714, 2715, 2716, 2717, 2718, 2719, 2720, 2721, 2722, 2723, 2724, 2725, 2726, 2727, 2728, 2729, 2730, 2731, 2732, 2733, 2734, 2735, 2736, 2737, 2738, 2739, 2740, 2741, 2742, 2743, 2744, 2745, 2746, 2747, 2748, 2749, 2750, 2751, 2752, 2753, 2754, 2755, 2756, 2757, 2758, 2759, 2760, 2761, 2762, 2763, 2764, 2765, 2766, 2767, 2768, 2769, 2770, 2771, 2772, 2773, 2774, 2775, 2776, 2777, 2778, 2779, 2780, 2781, 2782, 2783, 2784, 2785, 2786, 2787, 2788, 2789, 2790, 2791, 2792, 2793, 2794, 2795, 2796, 2797, 2798, 2799, 2800, 2801, 2802

-- --- BEGIN op 2639 ( update regular_expression "AJP69" )
update "regular_expressions" set "pattern" = '^(AJP69)$' where "name" = 'AJP69' and "pattern" = '(?<=^|[\s.-])AJP69\b';

DELETE FROM regular_expression_tags WHERE regular_expression_name IN ('AJP69') AND tag_name = 'WEB-DL';
-- --- END op 2639

-- --- BEGIN op 2640 ( update regular_expression "ATELiER" )
update "regular_expressions" set "pattern" = '^(ATELiER)$' where "name" = 'ATELiER' and "pattern" = '(?<=^|[\s.-])ATELiER\b';

DELETE FROM regular_expression_tags WHERE regular_expression_name IN ('ATELiER') AND tag_name = 'Bluray';
-- --- END op 2640

-- --- BEGIN op 2641 ( update regular_expression "BSTD" )
update "regular_expressions" set "pattern" = '^(BSTD)$' where "name" = 'BSTD' and "pattern" = '(?<=^|[\s.-])BSTD\b';

DELETE FROM regular_expression_tags WHERE regular_expression_name IN ('BSTD') AND tag_name = 'Bluray';
-- --- END op 2641

-- --- BEGIN op 2642 ( update regular_expression "Chotab" )
update "regular_expressions" set "pattern" = '^(Chotab)$' where "name" = 'Chotab' and "pattern" = '(?<=^|[\s.-])Chotab\b';

DELETE FROM regular_expression_tags WHERE regular_expression_name IN ('Chotab') AND tag_name = 'Bluray';
-- --- END op 2642

-- --- BEGIN op 2643 ( update regular_expression "CJ" )
update "regular_expressions" set "pattern" = '^(CJ)$' where "name" = 'CJ' and "pattern" = '(?<=^|[\s.-])CJ\b';

DELETE FROM regular_expression_tags WHERE regular_expression_name IN ('CJ') AND tag_name = 'Bluray';
-- --- END op 2643

-- --- BEGIN op 2644 ( update regular_expression "CRX" )
update "regular_expressions" set "pattern" = '^(CRX)$' where "name" = 'CRX' and "pattern" = '(?<=^|[\s.-])CRX\b';

DELETE FROM regular_expression_tags WHERE regular_expression_name IN ('CRX') AND tag_name = 'Bluray';
-- --- END op 2644

-- --- BEGIN op 2645 ( update regular_expression "Dariush" )
update "regular_expressions" set "pattern" = '^(Dariush)$' where "name" = 'Dariush' and "pattern" = '(?<=^|[\s.-])Dariush\b';

DELETE FROM regular_expression_tags WHERE regular_expression_name IN ('Dariush') AND tag_name = 'Bluray';
-- --- END op 2645

-- --- BEGIN op 2646 ( update regular_expression "E.N.D" )
update "regular_expressions" set "pattern" = '^(E.N.D)$' where "name" = 'E.N.D' and "pattern" = '(?<=^|[\s.-])E.N.D\b';

DELETE FROM regular_expression_tags WHERE regular_expression_name IN ('E.N.D') AND tag_name = 'Bluray';
-- --- END op 2646

-- --- BEGIN op 2647 ( update regular_expression "E1" )
update "regular_expressions" set "pattern" = '^(E1)$' where "name" = 'E1' and "pattern" = '(?<=^|[\s.-])E1\b';

DELETE FROM regular_expression_tags WHERE regular_expression_name IN ('E1') AND tag_name = 'Bluray';
-- --- END op 2647

-- --- BEGIN op 2648 ( update regular_expression "EDPH" )
update "regular_expressions" set "pattern" = '^(EDPH)$' where "name" = 'EDPH' and "pattern" = '(?<=^|[\s.-])EDPH\b';

DELETE FROM regular_expression_tags WHERE regular_expression_name IN ('EDPH') AND tag_name = 'Bluray';
-- --- END op 2648

-- --- BEGIN op 2649 ( update regular_expression "ESiR" )
update "regular_expressions" set "pattern" = '^(ESiR)$' where "name" = 'ESiR' and "pattern" = '(?<=^|[\s.-])ESiR\b';

DELETE FROM regular_expression_tags WHERE regular_expression_name IN ('ESiR') AND tag_name = 'Bluray';
-- --- END op 2649

-- --- BEGIN op 2650 ( update regular_expression "EXCiSION" )
update "regular_expressions" set "pattern" = '^(EXCiSION)$' where "name" = 'EXCiSION' and "pattern" = '(?<=^|[\s.-])EXCiSION\b';

DELETE FROM regular_expression_tags WHERE regular_expression_name IN ('EXCiSION') AND tag_name = 'Bluray';
-- --- END op 2650

-- --- BEGIN op 2651 ( update regular_expression "FraMeSToR" )
update "regular_expressions" set "pattern" = '^(FraMeSToR)$' where "name" = 'FraMeSToR' and "pattern" = '(?<=^|[\s.-])FraMeSToR\b';

DELETE FROM regular_expression_tags WHERE regular_expression_name IN ('FraMeSToR') AND tag_name = 'Remux';
-- --- END op 2651

-- --- BEGIN op 2652 ( update regular_expression "GALAXY" )
update "regular_expressions" set "pattern" = '^(GALAXY)$' where "name" = 'GALAXY' and "pattern" = '(?<=^|[\s.-])GALAXY\b';

DELETE FROM regular_expression_tags WHERE regular_expression_name IN ('GALAXY') AND tag_name = 'Bluray';
-- --- END op 2652

-- --- BEGIN op 2653 ( update regular_expression "GS88" )
update "regular_expressions" set "pattern" = '^(GS88)$' where "name" = 'GS88' and "pattern" = '(?<=^|[\s.-])GS88\b';

DELETE FROM regular_expression_tags WHERE regular_expression_name IN ('GS88') AND tag_name = 'Bluray';
-- --- END op 2653

-- --- BEGIN op 2654 ( update regular_expression "hdalx" )
update "regular_expressions" set "pattern" = '^(hdalx)$' where "name" = 'hdalx' and "pattern" = '(?<=^|[\s.-])hdalx\b';

DELETE FROM regular_expression_tags WHERE regular_expression_name IN ('hdalx') AND tag_name = 'Bluray';
-- --- END op 2654

-- --- BEGIN op 2655 ( update regular_expression "HQMUX" )
update "regular_expressions" set "pattern" = '^(HQMUX)$' where "name" = 'HQMUX' and "pattern" = '(?<=^|[\s.-])HQMUX\b';

DELETE FROM regular_expression_tags WHERE regular_expression_name IN ('HQMUX') AND tag_name = 'Bluray';
-- --- END op 2655

-- --- BEGIN op 2656 ( update regular_expression "KASHMiR" )
update "regular_expressions" set "pattern" = '^(KASHMiR)$' where "name" = 'KASHMiR' and "pattern" = '(?<=^|[\s.-])KASHMiR\b';

DELETE FROM regular_expression_tags WHERE regular_expression_name IN ('KASHMiR') AND tag_name = 'Bluray';
-- --- END op 2656

-- --- BEGIN op 2657 ( create regular_expression "Kitsune" )
insert into "regular_expressions" ("name", "pattern", "description", "regex101_id") values ('Kitsune', '\[Kitsune\]|-Kitsune\b', NULL, NULL);

insert into "tags" ("name") values ('Anime') on conflict ("name") do nothing;

INSERT INTO regular_expression_tags (regular_expression_name, tag_name) VALUES ('Kitsune', 'Anime');

insert into "tags" ("name") values ('Release Group') on conflict ("name") do nothing;

INSERT INTO regular_expression_tags (regular_expression_name, tag_name) VALUES ('Kitsune', 'Release Group');
-- --- END op 2657

-- --- BEGIN op 2658 ( update regular_expression "Kitsune" )
update "regular_expressions" set "pattern" = '^(Kitsune)$' where "name" = 'Kitsune' and "pattern" = '\[Kitsune\]|-Kitsune\b';

DELETE FROM regular_expression_tags WHERE regular_expression_name IN ('Kitsune') AND tag_name = 'Anime';
-- --- END op 2658

-- --- BEGIN op 2659 ( update regular_expression "LiNG" )
update "regular_expressions" set "pattern" = '^(LiNG)$' where "name" = 'LiNG' and "pattern" = '(?<=^|[\s.-])LiNG\b';

DELETE FROM regular_expression_tags WHERE regular_expression_name IN ('LiNG') AND tag_name = 'Bluray';
-- --- END op 2659

-- --- BEGIN op 2660 ( update regular_expression "luvBB" )
update "regular_expressions" set "pattern" = '^(luvBB)$' where "name" = 'luvBB' and "pattern" = '(?<=^|[\s.-])luvBB\b';

DELETE FROM regular_expression_tags WHERE regular_expression_name IN ('luvBB') AND tag_name = 'Bluray';
-- --- END op 2660

-- --- BEGIN op 2661 ( create regular_expression "NiBuRu" )
insert into "regular_expressions" ("name", "pattern", "description", "regex101_id") values ('NiBuRu', '^(GROUP)$', NULL, NULL);

insert into "tags" ("name") values ('Release Group') on conflict ("name") do nothing;

INSERT INTO regular_expression_tags (regular_expression_name, tag_name) VALUES ('NiBuRu', 'Release Group');
-- --- END op 2661

-- --- BEGIN op 2662 ( update regular_expression "NiBuRu" )
update "regular_expressions" set "pattern" = '^(NiBuRu)$' where "name" = 'NiBuRu' and "pattern" = '^(GROUP)$';
-- --- END op 2662

-- --- BEGIN op 2663 ( update regular_expression "nmd" )
update "regular_expressions" set "pattern" = '^(nmd)$' where "name" = 'nmd' and "pattern" = '(?<=^|[\s.-])nmd\b';

DELETE FROM regular_expression_tags WHERE regular_expression_name IN ('nmd') AND tag_name = 'Bluray';
-- --- END op 2663

-- --- BEGIN op 2664 ( update regular_expression "NyHD" )
update "regular_expressions" set "pattern" = '^(NyHD)$' where "name" = 'NyHD' and "pattern" = '(?<=^|[\s.-])NyHD\b';

DELETE FROM regular_expression_tags WHERE regular_expression_name IN ('NyHD') AND tag_name = 'Bluray';
-- --- END op 2664

-- --- BEGIN op 2665 ( update regular_expression "ORiGEN" )
update "regular_expressions" set "pattern" = '^(ORiGEN)$' where "name" = 'ORiGEN' and "pattern" = '(?<=^|[\s.-])ORiGEN\b';

DELETE FROM regular_expression_tags WHERE regular_expression_name IN ('ORiGEN') AND tag_name = 'Bluray';
-- --- END op 2665

-- --- BEGIN op 2666 ( update regular_expression "Penumbra" )
update "regular_expressions" set "pattern" = '^(Penumbra)$' where "name" = 'Penumbra' and "pattern" = '(?<=^|[\s.-])Penumbra\b';

DELETE FROM regular_expression_tags WHERE regular_expression_name IN ('Penumbra') AND tag_name = 'Bluray';
-- --- END op 2666

-- --- BEGIN op 2667 ( update regular_expression "playHD" )
update "regular_expressions" set "pattern" = '^(playHD)$' where "name" = 'playHD' and "pattern" = '(?<=^|[\s.-])playHD\b';

DELETE FROM regular_expression_tags WHERE regular_expression_name IN ('playHD') AND tag_name = 'Bluray';
-- --- END op 2667

-- --- BEGIN op 2668 ( update regular_expression "Positive" )
update "regular_expressions" set "pattern" = '^(Positive)$' where "name" = 'Positive' and "pattern" = '(?<=^|[\s.-])Positive\b';

DELETE FROM regular_expression_tags WHERE regular_expression_name IN ('Positive') AND tag_name = 'Bluray';
-- --- END op 2668

-- --- BEGIN op 2669 ( update regular_expression "PTer" )
update "regular_expressions" set "pattern" = '^(PTer)$' where "name" = 'PTer' and "pattern" = '(?<=^|[\s.-])PTer\b';

DELETE FROM regular_expression_tags WHERE regular_expression_name IN ('PTer') AND tag_name = 'Bluray';
-- --- END op 2669

-- --- BEGIN op 2670 ( create regular_expression "RiCO" )
insert into "regular_expressions" ("name", "pattern", "description", "regex101_id") values ('RiCO', '^(GROUP)$', NULL, NULL);

insert into "tags" ("name") values ('Release Group') on conflict ("name") do nothing;

INSERT INTO regular_expression_tags (regular_expression_name, tag_name) VALUES ('RiCO', 'Release Group');
-- --- END op 2670

-- --- BEGIN op 2671 ( update regular_expression "RiCO" )
update "regular_expressions" set "pattern" = '^(RiCO)$' where "name" = 'RiCO' and "pattern" = '^(GROUP)$';
-- --- END op 2671

-- --- BEGIN op 2672 ( update regular_expression "rightSIZE" )
update "regular_expressions" set "pattern" = '^(rightSIZE)$' where "name" = 'rightSIZE' and "pattern" = '(?<=^|[\s.-])rightSIZE\b';

DELETE FROM regular_expression_tags WHERE regular_expression_name IN ('rightSIZE') AND tag_name = 'Bluray';
-- --- END op 2672

-- --- BEGIN op 2673 ( create regular_expression "RO" )
insert into "regular_expressions" ("name", "pattern", "description", "regex101_id") values ('RO', '^(GROUP)$', NULL, NULL);

insert into "tags" ("name") values ('Release Group') on conflict ("name") do nothing;

INSERT INTO regular_expression_tags (regular_expression_name, tag_name) VALUES ('RO', 'Release Group');
-- --- END op 2673

-- --- BEGIN op 2674 ( update regular_expression "RO" )
update "regular_expressions" set "pattern" = '^(RO)$' where "name" = 'RO' and "pattern" = '^(GROUP)$';
-- --- END op 2674

-- --- BEGIN op 2675 ( update regular_expression "rttr" )
update "regular_expressions" set "pattern" = '^(rttr)$' where "name" = 'rttr' and "pattern" = '(?<=^|[\s.-])rttr\b';
-- --- END op 2675

-- --- BEGIN op 2676 ( update regular_expression "rttr" )
DELETE FROM regular_expression_tags WHERE regular_expression_name IN ('rttr') AND tag_name = 'Bluray';
-- --- END op 2676

-- --- BEGIN op 2677 ( update regular_expression "SaNcTi" )
update "regular_expressions" set "pattern" = '^(SaNcTi)$' where "name" = 'SaNcTi' and "pattern" = '(?<=^|[\s.-])SaNcTi\b';

DELETE FROM regular_expression_tags WHERE regular_expression_name IN ('SaNcTi') AND tag_name = 'Bluray';
-- --- END op 2677

-- --- BEGIN op 2678 ( update regular_expression "SiMPLE" )
update "regular_expressions" set "pattern" = '^(SiMPLE)$' where "name" = 'SiMPLE' and "pattern" = '(?<=^|[\s.-])SiMPLE\b';

DELETE FROM regular_expression_tags WHERE regular_expression_name IN ('SiMPLE') AND tag_name = 'Bluray';
-- --- END op 2678

-- --- BEGIN op 2679 ( update regular_expression "SOP" )
update "regular_expressions" set "pattern" = '^(SOP)$' where "name" = 'SOP' and "pattern" = '(?<=^|[\s.-])SOP\b';

DELETE FROM regular_expression_tags WHERE regular_expression_name IN ('SOP') AND tag_name = 'Bluray';
-- --- END op 2679

-- --- BEGIN op 2680 ( update regular_expression "SPHD" )
update "regular_expressions" set "pattern" = '^(SPHD)$' where "name" = 'SPHD' and "pattern" = '(?<=^|[\s.-])SPHD\b';
-- --- END op 2680

-- --- BEGIN op 2681 ( update regular_expression "TBB" )
update "regular_expressions" set "pattern" = '^(TBB)$' where "name" = 'TBB' and "pattern" = '(?<=^|[\s.-])TBB\b';
-- --- END op 2681

-- --- BEGIN op 2682 ( update regular_expression "TDD" )
update "regular_expressions" set "pattern" = '^(TDD)$' where "name" = 'TDD' and "pattern" = '(?<=^|[\s.-])TDD\b';

DELETE FROM regular_expression_tags WHERE regular_expression_name IN ('TDD') AND tag_name = 'Bluray';
-- --- END op 2682

-- --- BEGIN op 2683 ( update regular_expression "TBB" )
DELETE FROM regular_expression_tags WHERE regular_expression_name IN ('TBB') AND tag_name = 'Bluray';
-- --- END op 2683

-- --- BEGIN op 2684 ( update regular_expression "TnP" )
update "regular_expressions" set "pattern" = '^(TnP)$' where "name" = 'TnP' and "pattern" = '(?<=^|[\s.-])TnP\b';

DELETE FROM regular_expression_tags WHERE regular_expression_name IN ('TnP') AND tag_name = 'Bluray';
-- --- END op 2684

-- --- BEGIN op 2685 ( update regular_expression "VLAD" )
update "regular_expressions" set "pattern" = '^(VLAD)$' where "name" = 'VLAD' and "pattern" = '(?<=^|[\s.-])VLAD\b';

DELETE FROM regular_expression_tags WHERE regular_expression_name IN ('VLAD') AND tag_name = 'Bluray';
-- --- END op 2685

-- --- BEGIN op 2686 ( update regular_expression "W4NK3R" )
update "regular_expressions" set "pattern" = '^(W4NK3R)$' where "name" = 'W4NK3R' and "pattern" = '(?<=^|[\s.-])W4NK3R\b';
-- --- END op 2686

-- --- BEGIN op 2687 ( create regular_expression "WiLF" )
insert into "regular_expressions" ("name", "pattern", "description", "regex101_id") values ('WiLF', '^(GROUP)$', NULL, NULL);

insert into "tags" ("name") values ('Release Group') on conflict ("name") do nothing;

INSERT INTO regular_expression_tags (regular_expression_name, tag_name) VALUES ('WiLF', 'Release Group');
-- --- END op 2687

-- --- BEGIN op 2688 ( update regular_expression "WiLF" )
update "regular_expressions" set "pattern" = '^(WiLF)$' where "name" = 'WiLF' and "pattern" = '^(GROUP)$';
-- --- END op 2688

-- --- BEGIN op 2689 ( update regular_expression "xander" )
update "regular_expressions" set "pattern" = '^(xander)$' where "name" = 'xander' and "pattern" = '(?<=^|[\s.-])xander\b';

DELETE FROM regular_expression_tags WHERE regular_expression_name IN ('xander') AND tag_name = 'Bluray';
-- --- END op 2689

-- --- BEGIN op 2690 ( update regular_expression "ZIMBO" )
update "regular_expressions" set "pattern" = '^(ZIMBO)$' where "name" = 'ZIMBO' and "pattern" = '(?<=^|[\s.-])ZIMBO\b';

DELETE FROM regular_expression_tags WHERE regular_expression_name IN ('ZIMBO') AND tag_name = 'Bluray';
-- --- END op 2690

-- --- BEGIN op 2691 ( update custom_format "1080p Bluray Tier 05" )
INSERT INTO custom_format_conditions (custom_format_name, name, type, arr_type, negate, required)
VALUES ('1080p Bluray Tier 05', 'AJP69', 'release_group', 'all', 0, 0);

INSERT INTO condition_patterns (custom_format_name, condition_name, regular_expression_name) VALUES ('1080p Bluray Tier 05', 'AJP69', 'AJP69');
-- --- END op 2691

-- --- BEGIN op 2692 ( update custom_format "1080p Bluray Tier 05" )
INSERT INTO custom_format_conditions (custom_format_name, name, type, arr_type, negate, required)
VALUES ('1080p Bluray Tier 05', 'ATELiER', 'release_group', 'all', 0, 0);

INSERT INTO condition_patterns (custom_format_name, condition_name, regular_expression_name) VALUES ('1080p Bluray Tier 05', 'ATELiER', 'ATELiER');
-- --- END op 2692

-- --- BEGIN op 2693 ( update custom_format "1080p Bluray Tier 05" )
INSERT INTO custom_format_conditions (custom_format_name, name, type, arr_type, negate, required)
VALUES ('1080p Bluray Tier 05', 'BSTD', 'release_group', 'all', 0, 0);

INSERT INTO condition_patterns (custom_format_name, condition_name, regular_expression_name) VALUES ('1080p Bluray Tier 05', 'BSTD', 'BSTD');
-- --- END op 2693

-- --- BEGIN op 2694 ( update custom_format "1080p Bluray Tier 05" )
INSERT INTO custom_format_conditions (custom_format_name, name, type, arr_type, negate, required)
VALUES ('1080p Bluray Tier 05', 'Chotab', 'release_group', 'all', 0, 0);

INSERT INTO condition_patterns (custom_format_name, condition_name, regular_expression_name) VALUES ('1080p Bluray Tier 05', 'Chotab', 'Chotab');
-- --- END op 2694

-- --- BEGIN op 2695 ( update custom_format "1080p Bluray Tier 05" )
INSERT INTO custom_format_conditions (custom_format_name, name, type, arr_type, negate, required)
VALUES ('1080p Bluray Tier 05', 'CJ', 'release_group', 'all', 0, 0);

INSERT INTO condition_patterns (custom_format_name, condition_name, regular_expression_name) VALUES ('1080p Bluray Tier 05', 'CJ', 'CJ');
-- --- END op 2695

-- --- BEGIN op 2696 ( update custom_format "1080p Bluray Tier 05" )
INSERT INTO custom_format_conditions (custom_format_name, name, type, arr_type, negate, required)
VALUES ('1080p Bluray Tier 05', 'CRX', 'release_group', 'all', 0, 0);

INSERT INTO condition_patterns (custom_format_name, condition_name, regular_expression_name) VALUES ('1080p Bluray Tier 05', 'CRX', 'CRX');
-- --- END op 2696

-- --- BEGIN op 2697 ( update custom_format "1080p Bluray Tier 05" )
INSERT INTO custom_format_conditions (custom_format_name, name, type, arr_type, negate, required)
VALUES ('1080p Bluray Tier 05', 'Dariush', 'release_group', 'all', 0, 0);

INSERT INTO condition_patterns (custom_format_name, condition_name, regular_expression_name) VALUES ('1080p Bluray Tier 05', 'Dariush', 'Dariush');
-- --- END op 2697

-- --- BEGIN op 2698 ( update custom_format "1080p Bluray Tier 05" )
INSERT INTO custom_format_conditions (custom_format_name, name, type, arr_type, negate, required)
VALUES ('1080p Bluray Tier 05', 'E.N.D', 'release_group', 'all', 0, 0);

INSERT INTO condition_patterns (custom_format_name, condition_name, regular_expression_name) VALUES ('1080p Bluray Tier 05', 'E.N.D', 'E.N.D');
-- --- END op 2698

-- --- BEGIN op 2699 ( update custom_format "1080p Bluray Tier 05" )
INSERT INTO custom_format_conditions (custom_format_name, name, type, arr_type, negate, required)
VALUES ('1080p Bluray Tier 05', 'E1', 'release_group', 'all', 0, 0);

INSERT INTO condition_patterns (custom_format_name, condition_name, regular_expression_name) VALUES ('1080p Bluray Tier 05', 'E1', 'E1');
-- --- END op 2699

-- --- BEGIN op 2700 ( update custom_format "1080p Bluray Tier 05" )
INSERT INTO custom_format_conditions (custom_format_name, name, type, arr_type, negate, required)
VALUES ('1080p Bluray Tier 05', 'EA', 'release_group', 'all', 0, 0);

INSERT INTO condition_patterns (custom_format_name, condition_name, regular_expression_name) VALUES ('1080p Bluray Tier 05', 'EA', 'EA');
-- --- END op 2700

-- --- BEGIN op 2701 ( update custom_format "1080p Bluray Tier 05" )
INSERT INTO custom_format_conditions (custom_format_name, name, type, arr_type, negate, required)
VALUES ('1080p Bluray Tier 05', 'EDPH', 'release_group', 'all', 0, 0);

INSERT INTO condition_patterns (custom_format_name, condition_name, regular_expression_name) VALUES ('1080p Bluray Tier 05', 'EDPH', 'EDPH');
-- --- END op 2701

-- --- BEGIN op 2702 ( update custom_format "1080p Bluray Tier 05" )
INSERT INTO custom_format_conditions (custom_format_name, name, type, arr_type, negate, required)
VALUES ('1080p Bluray Tier 05', 'ESiR', 'release_group', 'all', 0, 0);

INSERT INTO condition_patterns (custom_format_name, condition_name, regular_expression_name) VALUES ('1080p Bluray Tier 05', 'ESiR', 'ESiR');
-- --- END op 2702

-- --- BEGIN op 2703 ( update custom_format "1080p Bluray Tier 05" )
INSERT INTO custom_format_conditions (custom_format_name, name, type, arr_type, negate, required)
VALUES ('1080p Bluray Tier 05', 'EXCiSION', 'release_group', 'all', 0, 0);

INSERT INTO condition_patterns (custom_format_name, condition_name, regular_expression_name) VALUES ('1080p Bluray Tier 05', 'EXCiSION', 'EXCiSION');
-- --- END op 2703

-- --- BEGIN op 2704 ( update custom_format "1080p Bluray Tier 05" )
INSERT INTO custom_format_conditions (custom_format_name, name, type, arr_type, negate, required)
VALUES ('1080p Bluray Tier 05', 'FraMeSToR', 'release_group', 'all', 0, 0);

INSERT INTO condition_patterns (custom_format_name, condition_name, regular_expression_name) VALUES ('1080p Bluray Tier 05', 'FraMeSToR', 'FraMeSToR');
-- --- END op 2704

-- --- BEGIN op 2705 ( update custom_format "1080p Bluray Tier 05" )
INSERT INTO custom_format_conditions (custom_format_name, name, type, arr_type, negate, required)
VALUES ('1080p Bluray Tier 05', 'GALAXY', 'release_group', 'all', 0, 0);

INSERT INTO condition_patterns (custom_format_name, condition_name, regular_expression_name) VALUES ('1080p Bluray Tier 05', 'GALAXY', 'GALAXY');
-- --- END op 2705

-- --- BEGIN op 2706 ( update custom_format "1080p Bluray Tier 05" )
INSERT INTO custom_format_conditions (custom_format_name, name, type, arr_type, negate, required)
VALUES ('1080p Bluray Tier 05', 'GS88', 'release_group', 'all', 0, 0);

INSERT INTO condition_patterns (custom_format_name, condition_name, regular_expression_name) VALUES ('1080p Bluray Tier 05', 'GS88', 'GS88');
-- --- END op 2706

-- --- BEGIN op 2707 ( update custom_format "1080p Bluray Tier 05" )
INSERT INTO custom_format_conditions (custom_format_name, name, type, arr_type, negate, required)
VALUES ('1080p Bluray Tier 05', 'hdalx', 'release_group', 'all', 0, 0);

INSERT INTO condition_patterns (custom_format_name, condition_name, regular_expression_name) VALUES ('1080p Bluray Tier 05', 'hdalx', 'hdalx');
-- --- END op 2707

-- --- BEGIN op 2708 ( update custom_format "1080p Bluray Tier 05" )
INSERT INTO custom_format_conditions (custom_format_name, name, type, arr_type, negate, required)
VALUES ('1080p Bluray Tier 05', 'HQMUX', 'release_group', 'all', 0, 0);

INSERT INTO condition_patterns (custom_format_name, condition_name, regular_expression_name) VALUES ('1080p Bluray Tier 05', 'HQMUX', 'HQMUX');
-- --- END op 2708

-- --- BEGIN op 2709 ( update custom_format "1080p Bluray Tier 05" )
INSERT INTO custom_format_conditions (custom_format_name, name, type, arr_type, negate, required)
VALUES ('1080p Bluray Tier 05', 'KASHMiR', 'release_group', 'all', 0, 0);

INSERT INTO condition_patterns (custom_format_name, condition_name, regular_expression_name) VALUES ('1080p Bluray Tier 05', 'KASHMiR', 'KASHMiR');
-- --- END op 2709

-- --- BEGIN op 2710 ( update custom_format "1080p Bluray Tier 05" )
INSERT INTO custom_format_conditions (custom_format_name, name, type, arr_type, negate, required)
VALUES ('1080p Bluray Tier 05', 'Kitsune', 'release_group', 'all', 0, 0);

INSERT INTO condition_patterns (custom_format_name, condition_name, regular_expression_name) VALUES ('1080p Bluray Tier 05', 'Kitsune', 'Kitsune');
-- --- END op 2710

-- --- BEGIN op 2711 ( update custom_format "1080p Bluray Tier 05" )
INSERT INTO custom_format_conditions (custom_format_name, name, type, arr_type, negate, required)
VALUES ('1080p Bluray Tier 05', 'LiNG', 'release_group', 'all', 0, 0);

INSERT INTO condition_patterns (custom_format_name, condition_name, regular_expression_name) VALUES ('1080p Bluray Tier 05', 'LiNG', 'LiNG');
-- --- END op 2711

-- --- BEGIN op 2712 ( update custom_format "1080p Bluray Tier 05" )
INSERT INTO custom_format_conditions (custom_format_name, name, type, arr_type, negate, required)
VALUES ('1080p Bluray Tier 05', 'luvBB', 'release_group', 'all', 0, 0);

INSERT INTO condition_patterns (custom_format_name, condition_name, regular_expression_name) VALUES ('1080p Bluray Tier 05', 'luvBB', 'luvBB');
-- --- END op 2712

-- --- BEGIN op 2713 ( update custom_format "1080p Bluray Tier 05" )
INSERT INTO custom_format_conditions (custom_format_name, name, type, arr_type, negate, required)
VALUES ('1080p Bluray Tier 05', 'NiBuRu', 'release_group', 'all', 0, 0);

INSERT INTO condition_patterns (custom_format_name, condition_name, regular_expression_name) VALUES ('1080p Bluray Tier 05', 'NiBuRu', 'NiBuRu');
-- --- END op 2713

-- --- BEGIN op 2714 ( update custom_format "1080p Bluray Tier 05" )
INSERT INTO custom_format_conditions (custom_format_name, name, type, arr_type, negate, required)
VALUES ('1080p Bluray Tier 05', 'nmd', 'release_group', 'all', 0, 0);

INSERT INTO condition_patterns (custom_format_name, condition_name, regular_expression_name) VALUES ('1080p Bluray Tier 05', 'nmd', 'nmd');
-- --- END op 2714

-- --- BEGIN op 2715 ( update custom_format "1080p Bluray Tier 05" )
INSERT INTO custom_format_conditions (custom_format_name, name, type, arr_type, negate, required)
VALUES ('1080p Bluray Tier 05', 'NyHD', 'release_group', 'all', 0, 0);

INSERT INTO condition_patterns (custom_format_name, condition_name, regular_expression_name) VALUES ('1080p Bluray Tier 05', 'NyHD', 'NyHD');
-- --- END op 2715

-- --- BEGIN op 2716 ( update custom_format "1080p Bluray Tier 05" )
INSERT INTO custom_format_conditions (custom_format_name, name, type, arr_type, negate, required)
VALUES ('1080p Bluray Tier 05', 'ORiGEN', 'release_group', 'all', 0, 0);

INSERT INTO condition_patterns (custom_format_name, condition_name, regular_expression_name) VALUES ('1080p Bluray Tier 05', 'ORiGEN', 'ORiGEN');
-- --- END op 2716

-- --- BEGIN op 2717 ( update custom_format "1080p Bluray Tier 05" )
INSERT INTO custom_format_conditions (custom_format_name, name, type, arr_type, negate, required)
VALUES ('1080p Bluray Tier 05', 'Penumbra', 'release_group', 'all', 0, 0);

INSERT INTO condition_patterns (custom_format_name, condition_name, regular_expression_name) VALUES ('1080p Bluray Tier 05', 'Penumbra', 'Penumbra');
-- --- END op 2717

-- --- BEGIN op 2718 ( update custom_format "1080p Bluray Tier 05" )
INSERT INTO custom_format_conditions (custom_format_name, name, type, arr_type, negate, required)
VALUES ('1080p Bluray Tier 05', 'playHD', 'release_group', 'all', 0, 0);

INSERT INTO condition_patterns (custom_format_name, condition_name, regular_expression_name) VALUES ('1080p Bluray Tier 05', 'playHD', 'playHD');
-- --- END op 2718

-- --- BEGIN op 2719 ( update custom_format "1080p Bluray Tier 05" )
INSERT INTO custom_format_conditions (custom_format_name, name, type, arr_type, negate, required)
VALUES ('1080p Bluray Tier 05', 'Positive', 'release_group', 'all', 0, 0);

INSERT INTO condition_patterns (custom_format_name, condition_name, regular_expression_name) VALUES ('1080p Bluray Tier 05', 'Positive', 'Positive');
-- --- END op 2719

-- --- BEGIN op 2720 ( update custom_format "1080p Bluray Tier 05" )
INSERT INTO custom_format_conditions (custom_format_name, name, type, arr_type, negate, required)
VALUES ('1080p Bluray Tier 05', 'PTer', 'release_group', 'all', 0, 0);

INSERT INTO condition_patterns (custom_format_name, condition_name, regular_expression_name) VALUES ('1080p Bluray Tier 05', 'PTer', 'PTer');
-- --- END op 2720

-- --- BEGIN op 2721 ( update custom_format "1080p Bluray Tier 05" )
INSERT INTO custom_format_conditions (custom_format_name, name, type, arr_type, negate, required)
VALUES ('1080p Bluray Tier 05', 'RiCO', 'release_group', 'all', 0, 0);

INSERT INTO condition_patterns (custom_format_name, condition_name, regular_expression_name) VALUES ('1080p Bluray Tier 05', 'RiCO', 'RiCO');
-- --- END op 2721

-- --- BEGIN op 2722 ( update custom_format "1080p Bluray Tier 05" )
INSERT INTO custom_format_conditions (custom_format_name, name, type, arr_type, negate, required)
VALUES ('1080p Bluray Tier 05', 'rightSIZE', 'release_group', 'all', 0, 0);

INSERT INTO condition_patterns (custom_format_name, condition_name, regular_expression_name) VALUES ('1080p Bluray Tier 05', 'rightSIZE', 'rightSIZE');
-- --- END op 2722

-- --- BEGIN op 2723 ( update custom_format "1080p Bluray Tier 05" )
INSERT INTO custom_format_conditions (custom_format_name, name, type, arr_type, negate, required)
VALUES ('1080p Bluray Tier 05', 'RO', 'release_group', 'all', 0, 0);

INSERT INTO condition_patterns (custom_format_name, condition_name, regular_expression_name) VALUES ('1080p Bluray Tier 05', 'RO', 'RO');
-- --- END op 2723

-- --- BEGIN op 2724 ( update custom_format "1080p Bluray Tier 05" )
INSERT INTO custom_format_conditions (custom_format_name, name, type, arr_type, negate, required)
VALUES ('1080p Bluray Tier 05', 'rttr', 'release_group', 'all', 0, 0);

INSERT INTO condition_patterns (custom_format_name, condition_name, regular_expression_name) VALUES ('1080p Bluray Tier 05', 'rttr', 'rttr');
-- --- END op 2724

-- --- BEGIN op 2725 ( update custom_format "1080p Bluray Tier 05" )
INSERT INTO custom_format_conditions (custom_format_name, name, type, arr_type, negate, required)
VALUES ('1080p Bluray Tier 05', 'SaNcTi', 'release_group', 'all', 0, 0);

INSERT INTO condition_patterns (custom_format_name, condition_name, regular_expression_name) VALUES ('1080p Bluray Tier 05', 'SaNcTi', 'SaNcTi');
-- --- END op 2725

-- --- BEGIN op 2726 ( update custom_format "1080p Bluray Tier 05" )
INSERT INTO custom_format_conditions (custom_format_name, name, type, arr_type, negate, required)
VALUES ('1080p Bluray Tier 05', 'SiMPLE', 'release_group', 'all', 0, 0);

INSERT INTO condition_patterns (custom_format_name, condition_name, regular_expression_name) VALUES ('1080p Bluray Tier 05', 'SiMPLE', 'SiMPLE');
-- --- END op 2726

-- --- BEGIN op 2727 ( update custom_format "1080p Bluray Tier 05" )
INSERT INTO custom_format_conditions (custom_format_name, name, type, arr_type, negate, required)
VALUES ('1080p Bluray Tier 05', 'SOP', 'release_group', 'all', 0, 0);

INSERT INTO condition_patterns (custom_format_name, condition_name, regular_expression_name) VALUES ('1080p Bluray Tier 05', 'SOP', 'SOP');
-- --- END op 2727

-- --- BEGIN op 2728 ( update custom_format "1080p Bluray Tier 05" )
INSERT INTO custom_format_conditions (custom_format_name, name, type, arr_type, negate, required)
VALUES ('1080p Bluray Tier 05', 'SPHD', 'release_group', 'all', 0, 0);

INSERT INTO condition_patterns (custom_format_name, condition_name, regular_expression_name) VALUES ('1080p Bluray Tier 05', 'SPHD', 'SPHD');
-- --- END op 2728

-- --- BEGIN op 2729 ( update custom_format "1080p Bluray Tier 05" )
INSERT INTO custom_format_conditions (custom_format_name, name, type, arr_type, negate, required)
VALUES ('1080p Bluray Tier 05', 'TBB', 'release_group', 'all', 0, 0);

INSERT INTO condition_patterns (custom_format_name, condition_name, regular_expression_name) VALUES ('1080p Bluray Tier 05', 'TBB', 'TBB');
-- --- END op 2729

-- --- BEGIN op 2730 ( update custom_format "1080p Bluray Tier 05" )
INSERT INTO custom_format_conditions (custom_format_name, name, type, arr_type, negate, required)
VALUES ('1080p Bluray Tier 05', 'TDD', 'release_group', 'all', 0, 0);

INSERT INTO condition_patterns (custom_format_name, condition_name, regular_expression_name) VALUES ('1080p Bluray Tier 05', 'TDD', 'TDD');
-- --- END op 2730

-- --- BEGIN op 2731 ( update custom_format "1080p Bluray Tier 05" )
INSERT INTO custom_format_conditions (custom_format_name, name, type, arr_type, negate, required)
VALUES ('1080p Bluray Tier 05', 'TnP', 'release_group', 'all', 0, 0);

INSERT INTO condition_patterns (custom_format_name, condition_name, regular_expression_name) VALUES ('1080p Bluray Tier 05', 'TnP', 'TnP');
-- --- END op 2731

-- --- BEGIN op 2732 ( update custom_format "1080p Bluray Tier 05" )
INSERT INTO custom_format_conditions (custom_format_name, name, type, arr_type, negate, required)
VALUES ('1080p Bluray Tier 05', 'VLAD', 'release_group', 'all', 0, 0);

INSERT INTO condition_patterns (custom_format_name, condition_name, regular_expression_name) VALUES ('1080p Bluray Tier 05', 'VLAD', 'VLAD');
-- --- END op 2732

-- --- BEGIN op 2733 ( update custom_format "1080p Bluray Tier 05" )
INSERT INTO custom_format_conditions (custom_format_name, name, type, arr_type, negate, required)
VALUES ('1080p Bluray Tier 05', 'W4NK3R', 'release_group', 'all', 0, 0);

INSERT INTO condition_patterns (custom_format_name, condition_name, regular_expression_name) VALUES ('1080p Bluray Tier 05', 'W4NK3R', 'W4NK3R');
-- --- END op 2733

-- --- BEGIN op 2734 ( update custom_format "1080p Bluray Tier 05" )
INSERT INTO custom_format_conditions (custom_format_name, name, type, arr_type, negate, required)
VALUES ('1080p Bluray Tier 05', 'WiLF', 'release_group', 'all', 0, 0);

INSERT INTO condition_patterns (custom_format_name, condition_name, regular_expression_name) VALUES ('1080p Bluray Tier 05', 'WiLF', 'WiLF');
-- --- END op 2734

-- --- BEGIN op 2735 ( update custom_format "1080p Bluray Tier 05" )
INSERT INTO custom_format_conditions (custom_format_name, name, type, arr_type, negate, required)
VALUES ('1080p Bluray Tier 05', 'xander', 'release_group', 'all', 0, 0);

INSERT INTO condition_patterns (custom_format_name, condition_name, regular_expression_name) VALUES ('1080p Bluray Tier 05', 'xander', 'xander');
-- --- END op 2735

-- --- BEGIN op 2736 ( update custom_format "1080p Bluray Tier 05" )
INSERT INTO custom_format_conditions (custom_format_name, name, type, arr_type, negate, required)
VALUES ('1080p Bluray Tier 05', 'ZIMBO', 'release_group', 'all', 0, 0);

INSERT INTO condition_patterns (custom_format_name, condition_name, regular_expression_name) VALUES ('1080p Bluray Tier 05', 'ZIMBO', 'ZIMBO');
-- --- END op 2736

-- --- BEGIN op 2737 ( create regular_expression "ASD87" )
insert into "regular_expressions" ("name", "pattern", "description", "regex101_id") values ('ASD87', '^(GROUP)$', NULL, NULL);

insert into "tags" ("name") values ('Release Group') on conflict ("name") do nothing;

INSERT INTO regular_expression_tags (regular_expression_name, tag_name) VALUES ('ASD87', 'Release Group');
-- --- END op 2737

-- --- BEGIN op 2738 ( update regular_expression "ASD87" )
update "regular_expressions" set "pattern" = '^(ASD87)$' where "name" = 'ASD87' and "pattern" = '^(GROUP)$';
-- --- END op 2738

-- --- BEGIN op 2739 ( create regular_expression "BRUTE" )
insert into "regular_expressions" ("name", "pattern", "description", "regex101_id") values ('BRUTE', '^(GROUP)$', NULL, NULL);

insert into "tags" ("name") values ('Release Group') on conflict ("name") do nothing;

INSERT INTO regular_expression_tags (regular_expression_name, tag_name) VALUES ('BRUTE', 'Release Group');
-- --- END op 2739

-- --- BEGIN op 2740 ( update regular_expression "BRUTE" )
update "regular_expressions" set "pattern" = '^(BRUTE)$' where "name" = 'BRUTE' and "pattern" = '^(GROUP)$';
-- --- END op 2740

-- --- BEGIN op 2741 ( update regular_expression "CHD" )
update "regular_expressions" set "pattern" = '^(CHD)$' where "name" = 'CHD' and "pattern" = '(?<=^|[\s.-])CHD\b';

DELETE FROM regular_expression_tags WHERE regular_expression_name IN ('CHD') AND tag_name = 'Bluray';
-- --- END op 2741

-- --- BEGIN op 2742 ( create regular_expression "EuReKA" )
insert into "regular_expressions" ("name", "pattern", "description", "regex101_id") values ('EuReKA', '^(GROUP)$', NULL, NULL);

insert into "tags" ("name") values ('Release Group') on conflict ("name") do nothing;

INSERT INTO regular_expression_tags (regular_expression_name, tag_name) VALUES ('EuReKA', 'Release Group');
-- --- END op 2742

-- --- BEGIN op 2743 ( update regular_expression "EuReKA" )
update "regular_expressions" set "pattern" = '^(EuReKA)$' where "name" = 'EuReKA' and "pattern" = '^(GROUP)$';
-- --- END op 2743

-- --- BEGIN op 2744 ( create regular_expression "GALVANiZE" )
insert into "regular_expressions" ("name", "pattern", "description", "regex101_id") values ('GALVANiZE', '^(GROUP)$', NULL, NULL);

insert into "tags" ("name") values ('Release Group') on conflict ("name") do nothing;

INSERT INTO regular_expression_tags (regular_expression_name, tag_name) VALUES ('GALVANiZE', 'Release Group');
-- --- END op 2744

-- --- BEGIN op 2745 ( update regular_expression "GALVANiZE" )
update "regular_expressions" set "pattern" = '^(GALVANiZE)$' where "name" = 'GALVANiZE' and "pattern" = '^(GROUP)$';
-- --- END op 2745

-- --- BEGIN op 2746 ( create regular_expression "HaB" )
insert into "regular_expressions" ("name", "pattern", "description", "regex101_id") values ('HaB', '^(GROUP)$', NULL, NULL);

insert into "tags" ("name") values ('Release Group') on conflict ("name") do nothing;

INSERT INTO regular_expression_tags (regular_expression_name, tag_name) VALUES ('HaB', 'Release Group');
-- --- END op 2746

-- --- BEGIN op 2747 ( update regular_expression "HaB" )
update "regular_expressions" set "pattern" = '^(HaB)$' where "name" = 'HaB' and "pattern" = '^(GROUP)$';
-- --- END op 2747

-- --- BEGIN op 2748 ( update regular_expression "HANDJOB" )
update "regular_expressions" set "pattern" = '^(HANDJOB)$' where "name" = 'HANDJOB' and "pattern" = '(?<=^|[\s.-])HANDJOB\b';

DELETE FROM regular_expression_tags WHERE regular_expression_name IN ('HANDJOB') AND tag_name = 'Bluray';

DELETE FROM regular_expression_tags WHERE regular_expression_name IN ('HANDJOB') AND tag_name = 'DVD';
-- --- END op 2748

-- --- BEGIN op 2749 ( create regular_expression "HDC" )
insert into "regular_expressions" ("name", "pattern", "description", "regex101_id") values ('HDC', '^(GROUP)$', NULL, NULL);

insert into "tags" ("name") values ('Release Group') on conflict ("name") do nothing;

INSERT INTO regular_expression_tags (regular_expression_name, tag_name) VALUES ('HDC', 'Release Group');
-- --- END op 2749

-- --- BEGIN op 2750 ( update regular_expression "HDC" )
update "regular_expressions" set "pattern" = '^(HDC)$' where "name" = 'HDC' and "pattern" = '^(GROUP)$';
-- --- END op 2750

-- --- BEGIN op 2751 ( update regular_expression "iON" )
update "regular_expressions" set "pattern" = '^(iON)$' where "name" = 'iON' and "pattern" = '(?<=^|[\s.-])iON\b';

DELETE FROM regular_expression_tags WHERE regular_expression_name IN ('iON') AND tag_name = 'Bluray';
-- --- END op 2751

-- --- BEGIN op 2752 ( create regular_expression "Ivandro" )
insert into "regular_expressions" ("name", "pattern", "description", "regex101_id") values ('Ivandro', '^(GROUP)$', NULL, NULL);

insert into "tags" ("name") values ('Release Group') on conflict ("name") do nothing;

INSERT INTO regular_expression_tags (regular_expression_name, tag_name) VALUES ('Ivandro', 'Release Group');
-- --- END op 2752

-- --- BEGIN op 2753 ( update regular_expression "Ivandro" )
update "regular_expressions" set "pattern" = '^(Ivandro)$' where "name" = 'Ivandro' and "pattern" = '^(GROUP)$';
-- --- END op 2753

-- --- BEGIN op 2754 ( create regular_expression "j3rico" )
insert into "regular_expressions" ("name", "pattern", "description", "regex101_id") values ('j3rico', '^(GROUP)$', NULL, NULL);

insert into "tags" ("name") values ('Release Group') on conflict ("name") do nothing;

INSERT INTO regular_expression_tags (regular_expression_name, tag_name) VALUES ('j3rico', 'Release Group');
-- --- END op 2754

-- --- BEGIN op 2755 ( update regular_expression "j3rico" )
update "regular_expressions" set "pattern" = '^(j3rico)$' where "name" = 'j3rico' and "pattern" = '^(GROUP)$';
-- --- END op 2755

-- --- BEGIN op 2756 ( create regular_expression "KnG" )
insert into "regular_expressions" ("name", "pattern", "description", "regex101_id") values ('KnG', '^(GROUP)$', NULL, NULL);

insert into "tags" ("name") values ('Release Group') on conflict ("name") do nothing;

INSERT INTO regular_expression_tags (regular_expression_name, tag_name) VALUES ('KnG', 'Release Group');
-- --- END op 2756

-- --- BEGIN op 2757 ( update regular_expression "KnG" )
update "regular_expressions" set "pattern" = '^(KnG)$' where "name" = 'KnG' and "pattern" = '^(GROUP)$';
-- --- END op 2757

-- --- BEGIN op 2758 ( update regular_expression "LEGi0N" )
update "regular_expressions" set "pattern" = '^(LEGi0N)$' where "name" = 'LEGi0N' and "pattern" = '(?<=^|[\s.-])LEGi0N\b';

DELETE FROM regular_expression_tags WHERE regular_expression_name IN ('LEGi0N') AND tag_name = 'Bluray';
-- --- END op 2758

-- --- BEGIN op 2759 ( create regular_expression "Lulz" )
insert into "regular_expressions" ("name", "pattern", "description", "regex101_id") values ('Lulz', '^(GROUP)$', NULL, NULL);

insert into "tags" ("name") values ('Release Group') on conflict ("name") do nothing;

INSERT INTO regular_expression_tags (regular_expression_name, tag_name) VALUES ('Lulz', 'Release Group');
-- --- END op 2759

-- --- BEGIN op 2760 ( update regular_expression "Lulz" )
update "regular_expressions" set "pattern" = '^(Lulz)$' where "name" = 'Lulz' and "pattern" = '^(GROUP)$';
-- --- END op 2760

-- --- BEGIN op 2761 ( create regular_expression "MaG" )
insert into "regular_expressions" ("name", "pattern", "description", "regex101_id") values ('MaG', '^(GROUP)$', NULL, NULL);

insert into "tags" ("name") values ('Release Group') on conflict ("name") do nothing;

INSERT INTO regular_expression_tags (regular_expression_name, tag_name) VALUES ('MaG', 'Release Group');
-- --- END op 2761

-- --- BEGIN op 2762 ( update regular_expression "MaG" )
update "regular_expressions" set "pattern" = '^(MaG)$' where "name" = 'MaG' and "pattern" = '^(GROUP)$';
-- --- END op 2762

-- --- BEGIN op 2763 ( update regular_expression "MTeam" )
update "regular_expressions" set "pattern" = '^(MTeam)$' where "name" = 'MTeam' and "pattern" = '(?<=^|[\s.-])MTeam\b';

DELETE FROM regular_expression_tags WHERE regular_expression_name IN ('MTeam') AND tag_name = 'Bluray';
-- --- END op 2763

-- --- BEGIN op 2764 ( create regular_expression "NiP" )
insert into "regular_expressions" ("name", "pattern", "description", "regex101_id") values ('NiP', '^(GROUP)$', NULL, NULL);

insert into "tags" ("name") values ('Release Group') on conflict ("name") do nothing;

INSERT INTO regular_expression_tags (regular_expression_name, tag_name) VALUES ('NiP', 'Release Group');
-- --- END op 2764

-- --- BEGIN op 2765 ( update regular_expression "NiP" )
update "regular_expressions" set "pattern" = '^(NiP)$' where "name" = 'NiP' and "pattern" = '^(GROUP)$';
-- --- END op 2765

-- --- BEGIN op 2766 ( update regular_expression "P0W4HD" )
update "regular_expressions" set "pattern" = '^(P0W4HD)$' where "name" = 'P0W4HD' and "pattern" = '(?<=^|[\s.-])P0W4HD\b';

DELETE FROM regular_expression_tags WHERE regular_expression_name IN ('P0W4HD') AND tag_name = 'Bluray';
-- --- END op 2766

-- --- BEGIN op 2767 ( update regular_expression "PTP" )
update "regular_expressions" set "pattern" = '^(PTP)$' where "name" = 'PTP' and "pattern" = '(?<=^|[\s.-])PTP\b';

DELETE FROM regular_expression_tags WHERE regular_expression_name IN ('PTP') AND tag_name = 'Remux';
-- --- END op 2767

-- --- BEGIN op 2768 ( create regular_expression "PuTao" )
insert into "regular_expressions" ("name", "pattern", "description", "regex101_id") values ('PuTao', '^(GROUP)$', NULL, NULL);

insert into "tags" ("name") values ('Release Group') on conflict ("name") do nothing;

INSERT INTO regular_expression_tags (regular_expression_name, tag_name) VALUES ('PuTao', 'Release Group');
-- --- END op 2768

-- --- BEGIN op 2769 ( update regular_expression "PuTao" )
update "regular_expressions" set "pattern" = '^(PuTao)$' where "name" = 'PuTao' and "pattern" = '^(GROUP)$';
-- --- END op 2769

-- --- BEGIN op 2770 ( create regular_expression "ROCiNANTE" )
insert into "regular_expressions" ("name", "pattern", "description", "regex101_id") values ('ROCiNANTE', '^(GROUP)$', NULL, NULL);

insert into "tags" ("name") values ('Release Group') on conflict ("name") do nothing;

INSERT INTO regular_expression_tags (regular_expression_name, tag_name) VALUES ('ROCiNANTE', 'Release Group');
-- --- END op 2770

-- --- BEGIN op 2771 ( update regular_expression "ROCiNANTE" )
update "regular_expressions" set "pattern" = '^(ROCiNANTE)$' where "name" = 'ROCiNANTE' and "pattern" = '^(GROUP)$';
-- --- END op 2771

-- --- BEGIN op 2772 ( create regular_expression "Slappy" )
insert into "regular_expressions" ("name", "pattern", "description", "regex101_id") values ('Slappy', '^(GROUP)$', NULL, NULL);

insert into "tags" ("name") values ('Release Group') on conflict ("name") do nothing;

INSERT INTO regular_expression_tags (regular_expression_name, tag_name) VALUES ('Slappy', 'Release Group');
-- --- END op 2772

-- --- BEGIN op 2773 ( update regular_expression "Slappy" )
update "regular_expressions" set "pattern" = '^(Slappy)$' where "name" = 'Slappy' and "pattern" = '^(GROUP)$';
-- --- END op 2773

-- --- BEGIN op 2774 ( create regular_expression "ThD" )
insert into "regular_expressions" ("name", "pattern", "description", "regex101_id") values ('ThD', '^(GROUP)$', NULL, NULL);

insert into "tags" ("name") values ('Release Group') on conflict ("name") do nothing;

INSERT INTO regular_expression_tags (regular_expression_name, tag_name) VALUES ('ThD', 'Release Group');
-- --- END op 2774

-- --- BEGIN op 2775 ( update regular_expression "ThD" )
update "regular_expressions" set "pattern" = '^(ThD)$' where "name" = 'ThD' and "pattern" = '^(GROUP)$';
-- --- END op 2775

-- --- BEGIN op 2776 ( update regular_expression "WiKi" )
update "regular_expressions" set "pattern" = '^(WiKi)$', "description" = NULL where "name" = 'WiKi' and "pattern" = '(?<=^|[\s.-])WiKi\b' and "description" = 'Banned for Upscale';

DELETE FROM regular_expression_tags WHERE regular_expression_name IN ('WiKi') AND tag_name = 'Bluray';
-- --- END op 2776

-- --- BEGIN op 2777 ( update regular_expression "WiLDCAT" )
update "regular_expressions" set "pattern" = '^(WiLDCAT)$' where "name" = 'WiLDCAT' and "pattern" = '(?<=^|[\s.-])WiLDCAT\b';

DELETE FROM regular_expression_tags WHERE regular_expression_name IN ('WiLDCAT') AND tag_name = 'Remux';
-- --- END op 2777

-- --- BEGIN op 2778 ( update custom_format "1080p Bluray Tier 06" )
INSERT INTO custom_format_conditions (custom_format_name, name, type, arr_type, negate, required)
VALUES ('1080p Bluray Tier 06', 'ASD87', 'release_group', 'all', 0, 0);

INSERT INTO condition_patterns (custom_format_name, condition_name, regular_expression_name) VALUES ('1080p Bluray Tier 06', 'ASD87', 'ASD87');
-- --- END op 2778

-- --- BEGIN op 2779 ( update custom_format "1080p Bluray Tier 06" )
INSERT INTO custom_format_conditions (custom_format_name, name, type, arr_type, negate, required)
VALUES ('1080p Bluray Tier 06', 'BRUTE', 'release_group', 'all', 0, 0);

INSERT INTO condition_patterns (custom_format_name, condition_name, regular_expression_name) VALUES ('1080p Bluray Tier 06', 'BRUTE', 'BRUTE');
-- --- END op 2779

-- --- BEGIN op 2780 ( update custom_format "1080p Bluray Tier 06" )
INSERT INTO custom_format_conditions (custom_format_name, name, type, arr_type, negate, required)
VALUES ('1080p Bluray Tier 06', 'CHD', 'release_group', 'all', 0, 0);

INSERT INTO condition_patterns (custom_format_name, condition_name, regular_expression_name) VALUES ('1080p Bluray Tier 06', 'CHD', 'CHD');
-- --- END op 2780

-- --- BEGIN op 2781 ( update custom_format "1080p Bluray Tier 06" )
INSERT INTO custom_format_conditions (custom_format_name, name, type, arr_type, negate, required)
VALUES ('1080p Bluray Tier 06', 'EuReKA', 'release_group', 'all', 0, 0);

INSERT INTO condition_patterns (custom_format_name, condition_name, regular_expression_name) VALUES ('1080p Bluray Tier 06', 'EuReKA', 'EuReKA');
-- --- END op 2781

-- --- BEGIN op 2782 ( update custom_format "1080p Bluray Tier 06" )
INSERT INTO custom_format_conditions (custom_format_name, name, type, arr_type, negate, required)
VALUES ('1080p Bluray Tier 06', 'GALVANiZE', 'release_group', 'all', 0, 0);

INSERT INTO condition_patterns (custom_format_name, condition_name, regular_expression_name) VALUES ('1080p Bluray Tier 06', 'GALVANiZE', 'GALVANiZE');
-- --- END op 2782

-- --- BEGIN op 2783 ( update custom_format "1080p Bluray Tier 06" )
INSERT INTO custom_format_conditions (custom_format_name, name, type, arr_type, negate, required)
VALUES ('1080p Bluray Tier 06', 'HaB', 'release_group', 'all', 0, 0);

INSERT INTO condition_patterns (custom_format_name, condition_name, regular_expression_name) VALUES ('1080p Bluray Tier 06', 'HaB', 'HaB');
-- --- END op 2783

-- --- BEGIN op 2784 ( update custom_format "1080p Bluray Tier 06" )
INSERT INTO custom_format_conditions (custom_format_name, name, type, arr_type, negate, required)
VALUES ('1080p Bluray Tier 06', 'HANDJOB', 'release_group', 'all', 0, 0);

INSERT INTO condition_patterns (custom_format_name, condition_name, regular_expression_name) VALUES ('1080p Bluray Tier 06', 'HANDJOB', 'HANDJOB');
-- --- END op 2784

-- --- BEGIN op 2785 ( update custom_format "1080p Bluray Tier 06" )
INSERT INTO custom_format_conditions (custom_format_name, name, type, arr_type, negate, required)
VALUES ('1080p Bluray Tier 06', 'HDC', 'release_group', 'all', 0, 0);

INSERT INTO condition_patterns (custom_format_name, condition_name, regular_expression_name) VALUES ('1080p Bluray Tier 06', 'HDC', 'HDC');
-- --- END op 2785

-- --- BEGIN op 2786 ( update custom_format "1080p Bluray Tier 06" )
INSERT INTO custom_format_conditions (custom_format_name, name, type, arr_type, negate, required)
VALUES ('1080p Bluray Tier 06', 'iON', 'release_group', 'all', 0, 0);

INSERT INTO condition_patterns (custom_format_name, condition_name, regular_expression_name) VALUES ('1080p Bluray Tier 06', 'iON', 'iON');
-- --- END op 2786

-- --- BEGIN op 2787 ( update custom_format "1080p Bluray Tier 06" )
INSERT INTO custom_format_conditions (custom_format_name, name, type, arr_type, negate, required)
VALUES ('1080p Bluray Tier 06', 'Ivandro', 'release_group', 'all', 0, 0);

INSERT INTO condition_patterns (custom_format_name, condition_name, regular_expression_name) VALUES ('1080p Bluray Tier 06', 'Ivandro', 'Ivandro');
-- --- END op 2787

-- --- BEGIN op 2788 ( update custom_format "1080p Bluray Tier 06" )
INSERT INTO custom_format_conditions (custom_format_name, name, type, arr_type, negate, required)
VALUES ('1080p Bluray Tier 06', 'j3rico', 'release_group', 'all', 0, 0);

INSERT INTO condition_patterns (custom_format_name, condition_name, regular_expression_name) VALUES ('1080p Bluray Tier 06', 'j3rico', 'j3rico');
-- --- END op 2788

-- --- BEGIN op 2789 ( update custom_format "1080p Bluray Tier 06" )
INSERT INTO custom_format_conditions (custom_format_name, name, type, arr_type, negate, required)
VALUES ('1080p Bluray Tier 06', 'KnG', 'release_group', 'all', 0, 0);

INSERT INTO condition_patterns (custom_format_name, condition_name, regular_expression_name) VALUES ('1080p Bluray Tier 06', 'KnG', 'KnG');
-- --- END op 2789

-- --- BEGIN op 2790 ( update custom_format "1080p Bluray Tier 06" )
INSERT INTO custom_format_conditions (custom_format_name, name, type, arr_type, negate, required)
VALUES ('1080p Bluray Tier 06', 'LEGi0N', 'release_group', 'all', 0, 0);

INSERT INTO condition_patterns (custom_format_name, condition_name, regular_expression_name) VALUES ('1080p Bluray Tier 06', 'LEGi0N', 'LEGi0N');
-- --- END op 2790

-- --- BEGIN op 2791 ( update custom_format "1080p Bluray Tier 06" )
INSERT INTO custom_format_conditions (custom_format_name, name, type, arr_type, negate, required)
VALUES ('1080p Bluray Tier 06', 'Lulz', 'release_group', 'all', 0, 0);

INSERT INTO condition_patterns (custom_format_name, condition_name, regular_expression_name) VALUES ('1080p Bluray Tier 06', 'Lulz', 'Lulz');
-- --- END op 2791

-- --- BEGIN op 2792 ( update custom_format "1080p Bluray Tier 06" )
INSERT INTO custom_format_conditions (custom_format_name, name, type, arr_type, negate, required)
VALUES ('1080p Bluray Tier 06', 'MaG', 'release_group', 'all', 0, 0);

INSERT INTO condition_patterns (custom_format_name, condition_name, regular_expression_name) VALUES ('1080p Bluray Tier 06', 'MaG', 'MaG');
-- --- END op 2792

-- --- BEGIN op 2793 ( update custom_format "1080p Bluray Tier 06" )
INSERT INTO custom_format_conditions (custom_format_name, name, type, arr_type, negate, required)
VALUES ('1080p Bluray Tier 06', 'MTeam', 'release_group', 'all', 0, 0);

INSERT INTO condition_patterns (custom_format_name, condition_name, regular_expression_name) VALUES ('1080p Bluray Tier 06', 'MTeam', 'MTeam');
-- --- END op 2793

-- --- BEGIN op 2794 ( update custom_format "1080p Bluray Tier 06" )
INSERT INTO custom_format_conditions (custom_format_name, name, type, arr_type, negate, required)
VALUES ('1080p Bluray Tier 06', 'NiP', 'release_group', 'all', 0, 0);

INSERT INTO condition_patterns (custom_format_name, condition_name, regular_expression_name) VALUES ('1080p Bluray Tier 06', 'NiP', 'NiP');
-- --- END op 2794

-- --- BEGIN op 2795 ( update custom_format "1080p Bluray Tier 06" )
INSERT INTO custom_format_conditions (custom_format_name, name, type, arr_type, negate, required)
VALUES ('1080p Bluray Tier 06', 'P0W4HD', 'release_group', 'all', 0, 0);

INSERT INTO condition_patterns (custom_format_name, condition_name, regular_expression_name) VALUES ('1080p Bluray Tier 06', 'P0W4HD', 'P0W4HD');
-- --- END op 2795

-- --- BEGIN op 2796 ( update custom_format "1080p Bluray Tier 06" )
INSERT INTO custom_format_conditions (custom_format_name, name, type, arr_type, negate, required)
VALUES ('1080p Bluray Tier 06', 'PTP', 'release_group', 'all', 0, 0);

INSERT INTO condition_patterns (custom_format_name, condition_name, regular_expression_name) VALUES ('1080p Bluray Tier 06', 'PTP', 'PTP');
-- --- END op 2796

-- --- BEGIN op 2797 ( update custom_format "1080p Bluray Tier 06" )
INSERT INTO custom_format_conditions (custom_format_name, name, type, arr_type, negate, required)
VALUES ('1080p Bluray Tier 06', 'PuTao', 'release_group', 'all', 0, 0);

INSERT INTO condition_patterns (custom_format_name, condition_name, regular_expression_name) VALUES ('1080p Bluray Tier 06', 'PuTao', 'PuTao');
-- --- END op 2797

-- --- BEGIN op 2798 ( update custom_format "1080p Bluray Tier 06" )
INSERT INTO custom_format_conditions (custom_format_name, name, type, arr_type, negate, required)
VALUES ('1080p Bluray Tier 06', 'ROCiNANTE', 'release_group', 'all', 0, 0);

INSERT INTO condition_patterns (custom_format_name, condition_name, regular_expression_name) VALUES ('1080p Bluray Tier 06', 'ROCiNANTE', 'ROCiNANTE');
-- --- END op 2798

-- --- BEGIN op 2799 ( update custom_format "1080p Bluray Tier 06" )
INSERT INTO custom_format_conditions (custom_format_name, name, type, arr_type, negate, required)
VALUES ('1080p Bluray Tier 06', 'Slappy', 'release_group', 'all', 0, 0);

INSERT INTO condition_patterns (custom_format_name, condition_name, regular_expression_name) VALUES ('1080p Bluray Tier 06', 'Slappy', 'Slappy');
-- --- END op 2799

-- --- BEGIN op 2800 ( update custom_format "1080p Bluray Tier 06" )
INSERT INTO custom_format_conditions (custom_format_name, name, type, arr_type, negate, required)
VALUES ('1080p Bluray Tier 06', 'ThD', 'release_group', 'all', 0, 0);

INSERT INTO condition_patterns (custom_format_name, condition_name, regular_expression_name) VALUES ('1080p Bluray Tier 06', 'ThD', 'ThD');
-- --- END op 2800

-- --- BEGIN op 2801 ( update custom_format "1080p Bluray Tier 06" )
INSERT INTO custom_format_conditions (custom_format_name, name, type, arr_type, negate, required)
VALUES ('1080p Bluray Tier 06', 'WiKi', 'release_group', 'all', 0, 0);

INSERT INTO condition_patterns (custom_format_name, condition_name, regular_expression_name) VALUES ('1080p Bluray Tier 06', 'WiKi', 'WiKi');
-- --- END op 2801

-- --- BEGIN op 2802 ( update custom_format "1080p Bluray Tier 06" )
INSERT INTO custom_format_conditions (custom_format_name, name, type, arr_type, negate, required)
VALUES ('1080p Bluray Tier 06', 'WiLDCAT', 'release_group', 'all', 0, 0);

INSERT INTO condition_patterns (custom_format_name, condition_name, regular_expression_name) VALUES ('1080p Bluray Tier 06', 'WiLDCAT', 'WiLDCAT');
-- --- END op 2802
